Id,Name,Surname,MatchQueue
10,winston, smith,"3,6,8,1,2,5,4,7,11"
1,John,Snow,"4,5,6,7,8,9,10,11"
4,Jeremy,Lavoiette,"1,2,5,6,7,9,10,11"
8,Bella,Bon,"1,2,3,5,6,9,10,11"
2,Clair,White,"3,4,5,7,8,9,10,11"
7,Bella,Bon,"1,2,3,4,6,9,10,11"
6,Bella,Bon,"1,3,4,7,8,9,10,11"
5,Jennifer,King,"1,2,3,4,8,9,10,11"
11,ola,olga,"3,6,8,1,2,5,4,7,9,10"
3,Fancy,Brown,"2,5,6,7,8,9,10,11"
9,john,doe,"3,6,8,1,2,5,4,7,11"
